Country,Code,Year,Life Expectancy,Health Expenditure Per Capita,Population (historical),Continent,Happiness
Albania,ALB,2004,75.951,324.86182,3098663.0,,59
Albania,ALB,2010,78.414,600.65753,2928730.0,,67
Albania,ALB,2014,78.029,726.53973,2903748.0,,59
Albania,ALB,2015,78.358,755.452,2898634.0,Europe,62
Albania,ALB,2016,78.643,803.7964,2897868.0,,59
Argentina,ARG,2004,74.871,878.92694,38815915.0,,81
Argentina,ARG,2010,75.68,1693.0966,41288694.0,,88
Argentina,ARG,2014,76.268,1896.806,43024072.0,,86
Armenia,ARM,2010,72.938,677.00745,2931083.0,,76
Armenia,ARM,2014,73.98,1029.5269,2922433.0,,82
Australia,AUS,2010,82.013,3608.0579,22141583.0,,92
Australia,AUS,2014,82.518,4689.065,23595599.0,,93
Austria,AUT,2000,78.235,2706.854,8012929.0,,81
Austria,AUT,2001,78.718,2760.6074,8042232.0,,86
Austria,AUT,2002,78.846,2935.8186,8081638.0,,83
Austria,AUT,2003,78.849,3076.9006,8122605.0,,82
Austria,AUT,2004,79.362,3291.0728,8173494.0,,90
Austria,AUT,2005,79.52,3381.66,8229204.0,,85
Austria,AUT,2006,79.965,3595.8706,8269902.0,,84
Austria,AUT,2007,80.166,3764.2373,8296949.0,,86
Austria,AUT,2008,80.363,4024.8025,8323250.0,,80
Austria,AUT,2009,80.206,4188.393,8345072.0,,83
Austria,AUT,2010,80.463,4299.8394,8365087.0,,88
Austria,AUT,2011,80.828,4465.659,8393272.0,,84
Austria,AUT,2012,80.841,4750.5815,8431598.0,,85
Austria,AUT,2013,81.078,4945.4497,8481411.0,,83
Austria,AUT,2014,81.39,5082.537,8547812.0,,90
Austria,AUT,2015,81.159,5204.622,8644037.0,Europe,86
Austria,AUT,2016,81.592,5476.6777,8737920.0,,85
Azerbaijan,AZE,2014,71.93,576.5972,9631136.0,,81
Bangladesh,BGD,2004,64.912,38.290234,142902855.0,,77
Belarus,BLR,2004,68.688,490.01913,9735090.0,,62
Belarus,BLR,2010,70.501,846.828,9490752.0,,76
Belarus,BLR,2014,73.245,998.23047,9472704.0,,64
Belgium,BEL,2000,77.768,2225.1775,10251719.0,,83
Belgium,BEL,2001,78.082,2351.4885,10287004.0,,85
Belgium,BEL,2002,78.168,2524.5786,10332978.0,,82
Belgium,BEL,2003,78.32,2840.3752,10376260.0,,83
Belgium,BEL,2004,78.96,2997.9824,10421298.0,,92
Belgium,BEL,2005,79.053,3069.8442,10478883.0,,89
Belgium,BEL,2006,79.389,3230.2346,10548446.0,,91
Belgium,BEL,2007,79.528,3374.4229,10625490.0,,89
Belgium,BEL,2008,79.579,3649.648,10709710.0,,87
Belgium,BEL,2009,79.849,3911.9243,10812936.0,,90
Belgium,BEL,2010,80.04,4085.4814,10936620.0,,94
Belgium,BEL,2011,80.366,4257.526,11038627.0,,89
Belgium,BEL,2012,80.26,4444.3623,11107524.0,,89
Belgium,BEL,2013,80.467,4615.71,11160277.0,,92
Belgium,BEL,2014,81.08,4763.424,11210111.0,,91
Belgium,BEL,2015,80.889,4993.985,11275332.0,Europe,89
Belgium,BEL,2016,81.265,5239.753,11332704.0,,92
Bosnia and Herzegovina,BIH,2004,76.489,489.8868,4140990.0,,82
Bosnia and Herzegovina,BIH,2010,76.827,819.1329,3811480.0,,86
Brazil,BRA,2010,73.779,1132.4211,193701931.0,,90
Brazil,BRA,2014,74.823,1315.2859,200085126.0,,92
Bulgaria,BGR,2004,72.575,631.7515,7749431.0,,45
Bulgaria,BGR,2005,72.559,706.36127,7695047.0,,29
Bulgaria,BGR,2006,72.69,741.66394,7640290.0,,30
Bulgaria,BGR,2007,73.008,786.3771,7586895.0,,37
Bulgaria,BGR,2008,73.338,898.3373,7535590.0,,39
Bulgaria,BGR,2009,73.681,932.5173,7488018.0,,40
Bulgaria,BGR,2010,73.814,1057.5287,7437594.0,,58
Bulgaria,BGR,2011,74.169,1115.2604,7380021.0,,38
Bulgaria,BGR,2012,74.337,1227.3337,7317021.0,,40
Bulgaria,BGR,2013,74.828,1185.8698,7264606.0,,34
Bulgaria,BGR,2014,74.466,1349.4158,7223451.0,,45
Bulgaria,BGR,2015,74.621,1354.8326,7177516.0,Europe,46
Bulgaria,BGR,2016,74.827,1491.421,7127436.0,,48
Canada,CAN,2004,80.029,3078.5938,32132680.0,,96
Canada,CAN,2010,81.336,4296.528,34196901.0,,95
Chile,CHL,2004,78.276,814.8903,16187322.0,,80
Chile,CHL,2010,79.095,1234.6669,17181462.0,,79
Chile,CHL,2014,79.714,1786.2493,17864191.0,,84
China,CHN,2004,73.727,189.3465,1302100319.0,,78
China,CHN,2010,75.668,385.04608,1351561511.0,,77
China,CHN,2014,76.714,593.2997,1387951973.0,,84
Colombia,COL,2010,74.876,758.1232,44777325.0,,87
Colombia,COL,2014,75.95,952.5601,46565426.0,,92
Croatia,HRV,2004,75.266,955.4528,4310054.0,,78
Croatia,HRV,2005,75.57,1056.7675,4313946.0,,68
Croatia,HRV,2006,75.677,1217.0771,4315802.0,,70
Croatia,HRV,2007,75.886,1444.7295,4315957.0,,71
Croatia,HRV,2008,76.001,1604.3256,4314634.0,,69
Croatia,HRV,2009,76.313,1633.0024,4310537.0,,64
Croatia,HRV,2010,76.676,1598.7563,4301152.0,,82
Croatia,HRV,2011,76.993,1612.7178,4280827.0,,67
Croatia,HRV,2012,77.284,1644.4829,4259234.0,,67
Croatia,HRV,2013,77.51,1420.0992,4242404.0,,69
Croatia,HRV,2014,77.514,1475.1665,4219485.0,,67
Croatia,HRV,2015,77.633,1553.3203,4183732.0,Europe,72
Croatia,HRV,2016,77.629,1692.2402,4136438.0,,71
Cyprus,CYP,2004,79.007,1412.3352,1017877.0,,89
Cyprus,CYP,2005,79.198,1520.4187,1036156.0,,85
Cyprus,CYP,2006,79.456,1655.2361,1054425.0,,86
Cyprus,CYP,2007,79.798,1783.0184,1072726.0,,86
Cyprus,CYP,2008,79.906,2122.5796,1091028.0,,87
Cyprus,CYP,2009,80.375,2221.2932,1109377.0,,85
Cyprus,CYP,2010,80.632,2205.8447,1127825.0,,86
Cyprus,CYP,2011,80.855,2176.96,1146492.0,,79
Cyprus,CYP,2012,81.128,2091.356,1165402.0,,76
Cyprus,CYP,2013,81.317,2100.0132,1183899.0,,68
Cyprus,CYP,2014,81.337,2077.8735,1201807.0,,82
Cyprus,CYP,2015,81.464,2170.4336,1219504.0,Europe,80
Cyprus,CYP,2016,81.534,2395.9602,1237116.0,,81
Czechia,CZE,2004,75.942,1329.5643,10261454.0,,86
Czechia,CZE,2005,76.156,1402.7372,10280158.0,,82
Czechia,CZE,2006,76.708,1476.8206,10304594.0,,82
Czechia,CZE,2007,76.919,1580.048,10337541.0,,82
Czechia,CZE,2008,77.172,1777.9052,10378296.0,,83
Czechia,CZE,2009,77.258,2015.8818,10420986.0,,82
Czechia,CZE,2010,77.568,1919.228,10464035.0,,83
Czechia,CZE,2011,77.814,2010.9573,10495508.0,,79
Czechia,CZE,2012,77.998,2042.6046,10507338.0,,76
Czechia,CZE,2013,78.169,2379.5076,10511164.0,,81
Czechia,CZE,2014,78.744,2472.1755,10517222.0,,82
Czechia,CZE,2015,78.561,2441.3352,10524419.0,Europe,83
Czechia,CZE,2016,78.974,2568.3372,10531947.0,,86
Denmark,DNK,2000,76.815,2326.7458,5339660.0,,95
Denmark,DNK,2001,76.974,2491.4097,5358825.0,,97
Denmark,DNK,2002,77.099,2670.2432,5375966.0,,96
Denmark,DNK,2003,77.401,2747.7354,5390622.0,,96
Denmark,DNK,2004,77.785,2970.7136,5404594.0,,94
Denmark,DNK,2005,78.226,3109.049,5419551.0,,97
Denmark,DNK,2006,78.223,3429.303,5437421.0,,97
Denmark,DNK,2007,78.349,3646.9736,5461604.0,,98
Denmark,DNK,2008,78.714,3938.9077,5493766.0,,96
Denmark,DNK,2009,78.957,4314.1987,5523168.0,,98
Denmark,DNK,2010,79.247,4572.324,5547866.0,,96
Denmark,DNK,2011,79.786,4629.337,5570846.0,,97
Denmark,DNK,2012,80.082,4723.6006,5591912.0,,97
Denmark,DNK,2013,80.306,4837.0903,5615334.0,,97
Denmark,DNK,2014,80.632,4952.499,5643793.0,,97
Denmark,DNK,2015,80.739,5094.6133,5683698.0,Europe,98
Denmark,DNK,2016,80.881,5347.7637,5728198.0,,97
Egypt,EGY,2004,68.211,324.88394,79477439.0,,89
Egypt,EGY,2010,69.078,394.44125,89196070.0,,83
Egypt,EGY,2014,69.911,517.942,97528656.0,,26
Estonia,EST,2004,72.375,742.0884,1362682.0,,64
Estonia,EST,2005,73.028,838.3687,1354847.0,,69
Estonia,EST,2006,73.2,918.6384,1346884.0,,74
Estonia,EST,2007,73.153,1104.036,1340709.0,,78
Estonia,EST,2008,74.279,1302.3572,1337078.0,,75
Estonia,EST,2009,75.152,1339.8716,1334528.0,,73
Estonia,EST,2010,75.882,1365.1665,1331450.0,,79
Estonia,EST,2011,76.346,1426.6729,1327366.0,,70
Estonia,EST,2012,76.416,1513.6383,1322616.0,,70
Estonia,EST,2013,77.252,1649.7255,1317921.0,,72
Estonia,EST,2014,77.11,1839.7274,1314456.0,,77
Estonia,EST,2015,77.665,1938.4668,1314581.0,Europe,79
Estonia,EST,2016,77.763,2098.4634,1315850.0,,80
Finland,FIN,2000,77.671,1899.7139,5176198.0,,88
Finland,FIN,2001,78.142,2015.44,5187973.0,,88
Finland,FIN,2002,78.27,2181.9126,5200549.0,,90
Finland,FIN,2003,78.533,2306.133,5212955.0,,91
Finland,FIN,2004,78.846,2514.603,5228144.0,,90
Finland,FIN,2005,78.971,2656.4514,5246083.0,,94
Finland,FIN,2006,79.373,2854.3108,5266247.0,,94
Finland,FIN,2007,79.391,3058.7158,5288716.0,,95
Finland,FIN,2008,79.695,3344.256,5313381.0,,94
Finland,FIN,2009,79.831,3478.7607,5338855.0,,96
Finland,FIN,2010,80.012,3561.465,5363347.0,,89
Finland,FIN,2011,80.392,3773.8467,5388236.0,,95
Finland,FIN,2012,80.508,3918.0928,5413978.0,,94
Finland,FIN,2013,80.869,4068.6216,5439058.0,,94
Finland,FIN,2014,81.055,4084.409,5461686.0,,94
Finland,FIN,2015,81.377,4099.0576,5479718.0,Europe,95
Finland,FIN,2016,81.303,4213.999,5495469.0,,95
France,FRA,2000,79.044,2515.8289,59483716.0,,80
France,FRA,2001,79.221,2684.6262,59905130.0,,79
France,FRA,2002,79.411,2876.46,60327247.0,,79
France,FRA,2003,79.419,2858.0908,60741121.0,,75
France,FRA,2004,80.336,2973.3572,61175243.0,,91
France,FRA,2005,80.337,3135.556,61625030.0,,82
France,FRA,2006,80.745,3392.9656,62049831.0,,85
France,FRA,2007,80.96,3540.3633,62432438.0,,83
France,FRA,2008,81.039,3706.4758,62780187.0,,79
France,FRA,2009,81.163,3936.012,63106461.0,,84
France,FRA,2010,81.405,4053.2957,63417366.0,,91
France,FRA,2011,81.781,4211.189,63733777.0,,80
France,FRA,2012,81.739,4281.7256,64058465.0,,85
France,FRA,2013,81.979,4534.9355,64387736.0,,83
France,FRA,2014,82.437,4640.495,64692495.0,,84
France,FRA,2015,82.149,4679.8926,64916336.0,Europe,86
France,FRA,2016,82.401,4936.365,65086852.0,,84
Georgia,GEO,2010,71.732,677.36285,3895933.0,,67
Georgia,GEO,2014,73.105,901.62683,3792921.0,,70
Germany,DEU,2000,78.056,2691.0676,81797255.0,,76
Germany,DEU,2001,78.402,2817.4482,81933883.0,,82
Germany,DEU,2002,78.475,2973.1892,82068328.0,,80
Germany,DEU,2003,78.536,3110.9568,82111619.0,,73
Germany,DEU,2004,79.119,3178.5474,82092706.0,,84
Germany,DEU,2005,79.254,3277.212,82046731.0,,81
Germany,DEU,2006,79.586,3474.9106,81701971.0,,82
Germany,DEU,2007,79.731,3645.2239,81298546.0,,85
Germany,DEU,2008,79.816,3870.153,81110781.0,,83
Germany,DEU,2009,79.915,4132.284,80935275.0,,84
Germany,DEU,2010,80.081,4320.825,80830917.0,,81
Germany,DEU,2011,80.355,4588.358,80857877.0,,88
Germany,DEU,2012,80.502,4711.769,80916393.0,,89
Germany,DEU,2013,80.454,4956.1367,81041580.0,,89
Germany,DEU,2014,80.906,5195.5,81376078.0,,84
Germany,DEU,2015,80.566,5356.687,82077546.0,Europe,92
Germany,DEU,2016,80.837,5693.3926,82760100.0,,90
Greece,GRC,2000,78.442,1417.581,10782638.0,,60
Greece,GRC,2001,78.909,1677.8728,10843165.0,,59
Greece,GRC,2002,79.031,1864.4976,10890288.0,,60
Greece,GRC,2003,79.085,2021.3367,10918466.0,,63
Greece,GRC,2004,79.35,2063.527,10947370.0,,73
Greece,GRC,2005,79.65,2194.1055,10981340.0,,65
Greece,GRC,2006,79.76,2361.1323,11016108.0,,68
Greece,GRC,2007,79.662,2465.121,11045737.0,,67
Greece,GRC,2008,80.105,2728.0518,11076873.0,,59
Greece,GRC,2009,80.368,2859.0093,11108069.0,,44
Greece,GRC,2010,80.573,2679.2085,11124665.0,,79
Greece,GRC,2011,80.625,2356.1365,11108841.0,,41
Greece,GRC,2012,80.422,2214.8064,11048294.0,,32
Greece,GRC,2013,81.067,2185.0913,10967535.0,,37
Greece,GRC,2014,81.12,2094.4795,10893169.0,,42
Greece,GRC,2015,80.789,2192.1907,10820901.0,Europe,41
Greece,GRC,2016,81.269,2322.7258,10775506.0,,38
Hungary,HUN,2004,72.906,1260.9489,10085789.0,,71
Hungary,HUN,2005,72.865,1364.5994,10065704.0,,55
Hungary,HUN,2006,73.344,1429.1598,10049947.0,,52
Hungary,HUN,2007,73.431,1374.1216,10034084.0,,51
Hungary,HUN,2008,73.957,1467.7676,10016655.0,,47
Hungary,HUN,2009,74.179,1495.3943,10001382.0,,44
Hungary,HUN,2010,74.519,1617.2072,9979129.0,,78
Hungary,HUN,2011,74.923,1720.4894,9946675.0,,50
Hungary,HUN,2012,75.183,1722.2578,9916620.0,,45
Hungary,HUN,2013,75.683,1773.0856,9889344.0,,48
Hungary,HUN,2014,75.849,1808.3972,9862843.0,,63
Hungary,HUN,2015,75.654,1834.4618,9839210.0,Europe,66
Hungary,HUN,2016,76.157,1949.249,9810530.0,,64
Iceland,ISL,2004,80.721,3319.2166,292171.0,,97
Iceland,ISL,2010,81.594,3322.8528,318163.0,,96
Iceland,ISL,2011,81.972,3355.0894,319140.0,,97
Iceland,ISL,2012,82.346,3433.642,320847.0,,97
Iceland,ISL,2013,81.743,3627.817,323891.0,,98
Iceland,ISL,2014,82.43,3782.065,327516.0,,98
India,IND,2004,64.484,107.92356,1135991510.0,,73
India,IND,2010,67.162,140.62724,1243481564.0,,75
India,IND,2014,68.932,187.75613,1312277184.0,,87
Indonesia,IDN,2004,65.521,132.53496,227926647.0,,94
Indonesia,IDN,2010,68.364,235.26242,246305326.0,,92
Iran,IRN,2004,72.04,674.2372,70256316.0,,58
Iran,IRN,2010,74.39,1139.0984,77420852.0,,79
Iraq,IRQ,2004,64.634,353.25824,27577878.0,,62
Iraq,IRQ,2010,68.092,390.81903,31045365.0,,52
Iraq,IRQ,2014,69.679,373.64093,36550059.0,,68
Ireland,IRL,2000,76.535,1794.8629,3802590.0,,87
Ireland,IRL,2001,77.1,2100.0361,3862978.0,,90
Ireland,IRL,2002,77.59,2369.669,3928440.0,,88
Ireland,IRL,2003,78.1,2563.3171,3992938.0,,86
Ireland,IRL,2004,78.503,2825.1868,4066064.0,,96
Ireland,IRL,2005,78.909,3128.8882,4155282.0,,91
Ireland,IRL,2006,79.15,3376.4106,4268774.0,,90
Ireland,IRL,2007,79.563,3701.448,4393518.0,,90
Ireland,IRL,2008,79.788,4059.4504,4485992.0,,88
Ireland,IRL,2009,80.095,4377.465,4533750.0,,89
Ireland,IRL,2010,80.599,4558.2075,4559083.0,,95
Ireland,IRL,2011,80.727,4802.28,4579604.0,,87
Ireland,IRL,2012,80.852,4938.2266,4600137.0,,84
Ireland,IRL,2013,81.065,4945.7456,4624687.0,,82
Ireland,IRL,2014,81.406,4898.4424,4658237.0,,91
Ireland,IRL,2015,81.533,5077.4766,4702497.0,Europe,93
Ireland,IRL,2016,81.684,5356.1885,4753505.0,,95
Italy,ITA,2000,79.607,2049.1455,57272200.0,,74
Italy,ITA,2001,79.885,2169.6514,57305758.0,,80
Italy,ITA,2002,80.112,2263.5244,57420635.0,,80
Italy,ITA,2003,80.191,2294.3022,57739696.0,,76
Italy,ITA,2004,81.017,2421.2368,58176735.0,,79
Italy,ITA,2005,81.02,2516.803,58519697.0,,75
Italy,ITA,2006,81.414,2741.7827,58754433.0,,76
Italy,ITA,2007,81.5,2787.9993,59108723.0,,73
Italy,ITA,2008,81.645,3040.1228,59561686.0,,64
Italy,ITA,2009,81.762,3102.4966,59904016.0,,70
Italy,ITA,2010,82.132,3139.356,60164212.0,,86
Italy,ITA,2011,82.228,3211.956,60367882.0,,69
Italy,ITA,2012,82.252,3212.6355,60531522.0,,59
Italy,ITA,2013,82.652,3216.0718,60653865.0,,57
Italy,ITA,2014,82.901,3210.0737,60664169.0,,66
Italy,ITA,2015,82.521,3264.6428,60575314.0,Europe,65
Italy,ITA,2016,83.046,3481.5735,60478103.0,,65
Japan,JPN,2004,82.127,2324.7793,127815770.0,,86
Japan,JPN,2010,82.916,3201.5615,128185273.0,,87
Japan,JPN,2014,83.643,4237.2227,127486600.0,,86
Jordan,JOR,2004,72.788,678.2418,5882067.0,,83
Jordan,JOR,2010,73.797,809.7611,7297045.0,,87
Jordan,JOR,2014,74.606,681.79596,8791715.0,,86
Kyrgyzstan,KGZ,2004,65.649,144.38617,5203048.0,,84
Kyrgyzstan,KGZ,2014,68.829,316.18457,5898324.0,,96
Latvia,LVA,2004,70.939,757.06055,2264178.0,,56
Latvia,LVA,2005,70.632,807.5783,2239787.0,,61
Latvia,LVA,2006,70.55,900.81274,2219038.0,,63
Latvia,LVA,2007,70.789,1001.5986,2200772.0,,65
Latvia,LVA,2008,71.999,1085.8922,2177711.0,,63
Latvia,LVA,2009,72.697,1027.8811,2142043.0,,54
Latvia,LVA,2010,73.028,1067.9829,2097834.0,,74
Latvia,LVA,2011,73.718,1093.8684,2059940.0,,60
Latvia,LVA,2012,73.939,1146.0061,2034639.0,,66
Latvia,LVA,2013,74.187,1217.7264,2013004.0,,67
Latvia,LVA,2014,74.306,1296.1547,1994153.0,,72
Latvia,LVA,2015,74.665,1405.3999,1977874.0,Europe,71
Latvia,LVA,2016,74.757,1631.0703,1959864.0,,74
Lithuania,LTU,2004,72.001,713.55066,3376703.0,,61
Lithuania,LTU,2005,71.246,811.57,3322264.0,,56
Lithuania,LTU,2006,70.964,957.51135,3269809.0,,61
Lithuania,LTU,2007,70.698,1094.3472,3231378.0,,64
Lithuania,LTU,2008,71.696,1298.4562,3198483.0,,59
Lithuania,LTU,2009,72.85,1325.6787,3163258.0,,57
Lithuania,LTU,2010,73.196,1350.0358,3097719.0,,66
Lithuania,LTU,2011,73.608,1472.822,3028642.0,,57
Lithuania,LTU,2012,73.964,1542.1967,2988334.0,,63
Lithuania,LTU,2013,74.027,1629.1167,2958359.0,,65
Lithuania,LTU,2014,74.596,1738.9708,2933172.0,,71
Lithuania,LTU,2015,74.474,1861.0052,2905772.0,Europe,75
Lithuania,LTU,2016,74.82,2038.202,2869108.0,,68
Luxembourg,LUX,2000,77.263,3286.2207,436142.0,,90
Luxembourg,LUX,2001,77.53,3602.48,441755.0,,92
Luxembourg,LUX,2002,77.552,3979.2534,446393.0,,92
Luxembourg,LUX,2003,77.262,4222.1436,451845.0,,87
Luxembourg,LUX,2004,78.658,4741.6406,458307.0,,94
Luxembourg,LUX,2005,78.879,4941.6826,465372.0,,94
Luxembourg,LUX,2006,78.838,5274.3335,472871.0,,93
Luxembourg,LUX,2007,79.116,5282.983,480277.0,,93
Luxembourg,LUX,2008,80.107,5725.232,488995.0,,92
Luxembourg,LUX,2009,79.907,6090.214,498195.0,,96
Luxembourg,LUX,2010,80.099,6079.073,507418.0,,94
Luxembourg,LUX,2011,80.285,5694.884,518583.0,,97
Luxembourg,LUX,2012,80.438,5175.365,530952.0,,95
Luxembourg,LUX,2013,80.854,5346.1963,543359.0,,93
Luxembourg,LUX,2014,81.236,5573.945,556285.0,,94
Luxembourg,LUX,2015,81.256,5545.1973,569541.0,Europe,95
Luxembourg,LUX,2016,81.62,5806.3047,583511.0,,95
Malaysia,MYS,2010,75.376,646.587,28655771.0,,95
Malaysia,MYS,2014,75.345,903.6207,30696133.0,,96
Malta,MLT,2004,79.166,1740.0785,410800.0,,87
Malta,MLT,2005,79.489,1938.2521,413323.0,,82
Malta,MLT,2006,79.561,2056.1248,415463.0,,79
Malta,MLT,2007,79.737,2052.6394,417201.0,,83
Malta,MLT,2008,79.69,2093.5447,418969.0,,85
Malta,MLT,2009,80.415,2119.624,420800.0,,82
Malta,MLT,2010,81.398,2286.7136,422652.0,,89
Malta,MLT,2011,80.804,2455.2476,424634.0,,77
Malta,MLT,2012,81.064,2548.9136,426616.0,,78
Malta,MLT,2013,81.818,2766.5105,428457.0,,89
Malta,MLT,2014,82.318,3157.475,434494.0,,90
Malta,MLT,2015,82.591,3373.2507,444979.0,Europe,92
Malta,MLT,2016,82.657,3599.0815,455273.0,,93
Mexico,MEX,2004,73.432,723.8274,104394132.0,,91
Mexico,MEX,2010,73.718,887.2999,113623897.0,,91
Mexico,MEX,2014,74.404,1016.2715,119784263.0,,94
Moldova,MDA,2004,68.017,318.8122,4046672.0,,49
Moldova,MDA,2010,69.876,520.3094,3631993.0,,59
Montenegro,MNE,2011,75.961,1131.7185,632691.0,,53
Montenegro,MNE,2012,76.237,1127.2933,633549.0,,43
Montenegro,MNE,2013,76.354,1234.2275,633203.0,,47
Montenegro,MNE,2014,76.468,1205.646,631376.0,,63
Montenegro,MNE,2015,76.594,1446.2802,628147.0,Europe,59
Montenegro,MNE,2016,76.565,1543.882,624247.0,,56
Morocco,MAR,2004,68.272,212.01933,29953021.0,,80
Morocco,MAR,2010,70.821,375.42514,32467008.0,,81
Morocco,MAR,2014,72.522,392.61514,34204783.0,,78
Netherlands,NLD,2000,78.13,2465.8044,16058758.0,,93
Netherlands,NLD,2001,78.338,2684.0295,16182705.0,,94
Netherlands,NLD,2002,78.412,2987.4583,16288060.0,,93
Netherlands,NLD,2003,78.665,3099.0356,16366914.0,,90
Netherlands,NLD,2004,79.239,3267.3105,16425561.0,,95
Netherlands,NLD,2005,79.488,3425.683,16465707.0,,95
Netherlands,NLD,2006,79.847,3726.9893,16493851.0,,95
Netherlands,NLD,2007,80.255,3983.5422,16531360.0,,96
Netherlands,NLD,2008,80.387,4316.769,16597257.0,,97
Netherlands,NLD,2009,80.671,4464.586,16684147.0,,96
Netherlands,NLD,2010,80.829,4585.399,16771232.0,,96
Netherlands,NLD,2011,81.11,4779.42,16851061.0,,96
Netherlands,NLD,2012,81.059,4989.3306,16915191.0,,94
Netherlands,NLD,2013,81.301,5219.2637,16967065.0,,95
Netherlands,NLD,2014,81.65,5213.534,17030087.0,,92
Netherlands,NLD,2015,81.49,5203.804,17107427.0,Europe,96
Netherlands,NLD,2016,81.555,5398.931,17204694.0,,97
New Zealand,NZL,2010,81.052,2998.1055,4347767.0,,96
New Zealand,NZL,2014,81.411,3507.994,4522977.0,,92
Nigeria,NGA,2004,49.148,154.7579,141057046.0,,92
Nigeria,NGA,2014,51.94,181.34492,185896917.0,,85
North Macedonia,MKD,2004,73.448,594.4437,2086583.0,,75
North Macedonia,MKD,2007,73.742,602.6408,2081976.0,,63
North Macedonia,MKD,2008,74.436,676.51984,2070840.0,,64
North Macedonia,MKD,2009,74.469,705.32916,2060601.0,,67
North Macedonia,MKD,2010,75.037,748.6026,2051510.0,,80
North Macedonia,MKD,2011,75.142,748.03796,2040442.0,,62
North Macedonia,MKD,2012,75.043,773.75635,2027288.0,,63
North Macedonia,MKD,2013,75.583,839.65265,2013280.0,,63
North Macedonia,MKD,2014,75.633,829.8622,1997842.0,,68
North Macedonia,MKD,2015,75.629,865.06604,1980366.0,Europe,62
North Macedonia,MKD,2016,75.571,948.4608,1961268.0,,62
Norway,NOR,2010,81.039,5191.023,4889160.0,,96
Pakistan,PAK,2004,63.097,72.54816,171285998.0,,76
Pakistan,PAK,2014,65.374,109.884674,214264649.0,,85
Peru,PER,2004,71.447,264.31024,27852191.0,,66
Peru,PER,2010,72.886,459.98935,29086021.0,,67
Peru,PER,2014,75.26,572.3094,30115826.0,,76
Philippines,PHL,2004,68.301,125.55416,86394513.0,,88
Philippines,PHL,2014,69.311,255.70578,103767129.0,,89
Poland,POL,2004,74.943,783.48236,38167567.0,,77
Poland,POL,2005,75.127,806.7943,38124377.0,,69
Poland,POL,2006,75.25,878.8968,38071170.0,,73
Poland,POL,2007,75.414,986.769,38020420.0,,77
Poland,POL,2008,75.583,1167.3173,37995902.0,,75
Poland,POL,2009,75.906,1267.993,38002154.0,,77
Poland,POL,2010,76.282,1351.9275,38095356.0,,86
Poland,POL,2011,76.568,1424.4879,38208644.0,,76
Poland,POL,2012,76.775,1477.8928,38247868.0,,76
Poland,POL,2013,77.076,1575.0457,38259266.0,,76
Poland,POL,2014,77.312,1626.767,38265113.0,,93
Poland,POL,2015,77.589,1716.899,38266314.0,Europe,82
Poland,POL,2016,77.639,1850.9159,38263259.0,,82
Portugal,PRT,2000,76.83,1630.0648,10283196.0,,66
Portugal,PRT,2001,77.152,1689.7219,10354328.0,,67
Portugal,PRT,2002,77.37,1792.9177,10413046.0,,62
Portugal,PRT,2003,77.583,1905.0778,10454245.0,,56
Portugal,PRT,2004,78.427,2049.489,10481384.0,,83
Portugal,PRT,2005,78.317,2195.4963,10502994.0,,58
Portugal,PRT,2006,79.089,2311.1396,10524122.0,,59
Portugal,PRT,2007,79.309,2383.14,10546821.0,,59
Portugal,PRT,2008,79.603,2556.5796,10564085.0,,49
Portugal,PRT,2009,79.829,2681.8018,10576264.0,,51
Portugal,PRT,2010,80.115,2734.959,10578659.0,,90
Portugal,PRT,2011,80.582,2601.1301,10557049.0,,46
Portugal,PRT,2012,80.555,2545.6372,10513154.0,,33
Portugal,PRT,2013,80.903,2619.833,10458286.0,,36
Portugal,PRT,2014,81.314,2678.6145,10406202.0,,52
Portugal,PRT,2015,81.321,2758.8845,10370266.0,Europe,55
Portugal,PRT,2016,81.364,2964.798,10346377.0,,65
Romania,ROU,2004,71.096,490.84253,21403214.0,,47
Romania,ROU,2005,71.581,529.2277,21213395.0,,46
Romania,ROU,2006,72.169,584.2995,21035734.0,,46
Romania,ROU,2007,72.792,679.99084,20870714.0,,51
Romania,ROU,2008,73.216,838.9419,20718744.0,,50
Romania,ROU,2009,73.457,874.77136,20576923.0,,47
Romania,ROU,2010,73.579,976.5692,20432576.0,,64
Romania,ROU,2011,74.288,839.336,20282008.0,,45
Romania,ROU,2012,74.314,891.5099,20158452.0,,46
Romania,ROU,2013,74.918,1026.1277,20062914.0,,48
Romania,ROU,2014,74.765,1035.3698,19968180.0,,69
Romania,ROU,2015,74.737,1065.9271,19871018.0,Europe,58
Romania,ROU,2016,75.021,1210.8315,19777049.0,,59
Russia,RUS,2004,65.149,520.5871,145180094.0,,48
Russia,RUS,2010,68.153,1088.3788,143934468.0,,68
Russia,RUS,2014,70.798,1351.6992,144925638.0,,73
Serbia,SRB,2004,72.867,664.96497,7565843.0,,74
Serbia,SRB,2010,74.376,1216.7867,7395872.0,,69
Serbia,SRB,2012,75.089,1296.6125,7324624.0,,34
Serbia,SRB,2013,75.346,1359.005,7276184.0,,38
Serbia,SRB,2014,75.478,1352.3539,7227203.0,,49
Serbia,SRB,2015,75.653,1312.16,7177257.0,Europe,45
Serbia,SRB,2016,75.737,1338.0005,7126083.0,,46
Singapore,SGP,2004,79.658,1669.0565,4172766.0,,95
Singapore,SGP,2014,82.615,3209.3613,5457899.0,,93
Slovakia,SVK,2004,74.217,970.2809,5376039.0,,69
Slovakia,SVK,2005,74.156,1096.3447,5376696.0,,63
Slovakia,SVK,2006,74.416,1295.7864,5376847.0,,69
Slovakia,SVK,2007,74.495,1523.614,5376995.0,,70
Slovakia,SVK,2008,74.864,1651.4254,5379125.0,,70
Slovakia,SVK,2009,75.218,1835.7626,5385074.0,,68
Slovakia,SVK,2010,75.496,1947.8613,5391857.0,,81
Slovakia,SVK,2011,76.018,1918.6359,5398104.0,,71
Slovakia,SVK,2012,76.176,2035.4479,5404877.0,,68
Slovakia,SVK,2013,76.514,2101.0718,5410422.0,,66
Slovakia,SVK,2014,76.848,1999.3917,5415237.0,,70
Slovakia,SVK,2015,76.65,2033.2246,5420279.0,Europe,72
Slovakia,SVK,2016,77.216,2110.6353,5427262.0,,75
Slovenia,SVN,2004,76.932,1807.6469,1993549.0,,76
Slovenia,SVN,2005,77.503,1910.0029,1996914.0,,88
Slovenia,SVN,2006,77.82,2015.692,2003113.0,,88
Slovenia,SVN,2007,78.285,2078.8823,2014161.0,,89
Slovenia,SVN,2008,78.595,2338.0967,2025090.0,,87
Slovenia,SVN,2009,79.027,2360.3994,2035611.0,,86
Slovenia,SVN,2010,79.301,2385.2515,2044612.0,,81
Slovenia,SVN,2011,79.588,2472.8967,2048805.0,,83
Slovenia,SVN,2012,79.765,2533.1604,2053321.0,,85
Slovenia,SVN,2013,80.088,2621.224,2056452.0,,82
Slovenia,SVN,2014,80.252,2625.702,2058396.0,,83
Slovenia,SVN,2015,80.499,2688.6975,2059947.0,Europe,84
Slovenia,SVN,2016,80.512,2873.208,2061379.0,,88
South Africa,ZAF,2004,53.963,679.7422,48991420.0,,77
South Africa,ZAF,2010,58.886,995.2802,52344045.0,,78
South Africa,ZAF,2014,63.184,1067.0449,55594838.0,,76
South Korea,KOR,2004,77.957,1051.1912,47697076.0,,88
South Korea,KOR,2010,80.717,1906.4764,48769330.0,,87
South Korea,KOR,2014,82.364,2295.575,50539055.0,,90
Spain,ESP,2000,79.412,1471.1024,41019773.0,,82
Spain,ESP,2001,79.739,1560.4823,41245604.0,,85
Spain,ESP,2002,79.818,1673.4028,41755702.0,,82
Spain,ESP,2003,79.748,1910.6005,42506541.0,,83
Spain,ESP,2004,80.328,2019.8116,43234563.0,,87
Spain,ESP,2005,80.32,2152.1372,43958884.0,,85
Spain,ESP,2006,80.963,2426.2725,44695446.0,,89
Spain,ESP,2007,80.97,2596.5347,45516501.0,,87
Spain,ESP,2008,81.278,2805.624,46235055.0,,84
Spain,ESP,2009,81.627,2930.6753,46635182.0,,75
Spain,ESP,2010,82.006,2894.7295,46840470.0,,91
Spain,ESP,2011,82.18,2926.3748,46998040.0,,75
Spain,ESP,2012,82.191,2900.9219,47018321.0,,72
Spain,ESP,2013,82.694,2933.982,46860393.0,,70
Spain,ESP,2014,82.828,3045.0955,46720186.0,,86
Spain,ESP,2015,82.611,3185.0833,46683683.0,Europe,77
Spain,ESP,2016,83.0,3341.0269,46732766.0,,78
Sweden,SWE,2000,79.739,2172.7175,8872100.0,,94
Sweden,SWE,2001,79.836,2367.8838,8896018.0,,95
Sweden,SWE,2002,79.935,2543.5967,8925044.0,,93
Sweden,SWE,2003,80.195,2651.2825,8958432.0,,93
Sweden,SWE,2004,80.546,2758.0537,8993806.0,,93
Sweden,SWE,2005,80.621,2796.842,9029770.0,,96
Sweden,SWE,2006,80.832,3049.131,9080626.0,,96
Sweden,SWE,2007,80.97,3283.3098,9148277.0,,96
Sweden,SWE,2008,81.137,3474.2888,9219903.0,,96
Sweden,SWE,2009,81.363,3548.7546,9298738.0,,96
Sweden,SWE,2010,81.519,3526.9592,9378234.0,,92
Sweden,SWE,2011,81.758,4663.241,9449262.0,,96
Sweden,SWE,2012,81.73,4896.0234,9519479.0,,97
Sweden,SWE,2013,81.935,5073.838,9600621.0,,97
Sweden,SWE,2014,82.224,5193.2,9696437.0,,95
Sweden,SWE,2015,82.184,5333.4023,9799482.0,Europe,96
Sweden,SWE,2016,82.339,5512.933,9923281.0,,96
Switzerland,CHE,2010,82.287,5481.197,7825751.0,,93
Thailand,THA,2010,75.012,440.28943,68579442.0,,92
Thailand,THA,2014,76.279,557.9553,70216362.0,,93
Turkey,TUR,2004,73.223,532.91113,68592621.0,,72
Turkey,TUR,2005,73.51,580.6049,69329555.0,,73
Turkey,TUR,2006,73.804,698.89874,70045352.0,,71
Turkey,TUR,2007,74.129,775.0357,70750595.0,,73
Turkey,TUR,2008,74.38,833.66016,71562344.0,,61
Turkey,TUR,2009,74.679,846.2849,72464845.0,,61
Turkey,TUR,2010,74.964,870.2638,73346766.0,,79
Turkey,TUR,2011,74.823,912.1887,74215200.0,,64
Turkey,TUR,2012,75.552,915.5404,75197195.0,,67
Turkey,TUR,2013,76.171,972.4623,76403032.0,,67
Turkey,TUR,2014,76.452,1030.1698,78036154.0,,84
Turkey,TUR,2015,76.539,1045.3761,80014221.0,Asia,65
Turkey,TUR,2016,76.595,1119.2522,81652086.0,,66
Ukraine,UKR,2004,67.472,401.76294,47979502.0,,46
Ukraine,UKR,2010,70.188,563.91364,46456002.0,,71
Ukraine,UKR,2014,71.803,735.6914,45972378.0,,68
United Kingdom,GBR,2000,77.849,1907.1285,59057336.0,,87
United Kingdom,GBR,2001,78.121,2059.7097,59288095.0,,88
United Kingdom,GBR,2002,78.237,2243.1907,59540763.0,,87
United Kingdom,GBR,2003,78.33,2456.9124,59820385.0,,87
United Kingdom,GBR,2004,78.9,2678.2512,60169964.0,,90
United Kingdom,GBR,2005,79.106,2756.9673,60596108.0,,88
United Kingdom,GBR,2006,79.347,3017.43,61051093.0,,88
United Kingdom,GBR,2007,79.534,3083.396,61535860.0,,89
United Kingdom,GBR,2008,79.655,3338.7627,62027303.0,,87
United Kingdom,GBR,2009,80.156,3546.479,62506221.0,,89
United Kingdom,GBR,2010,80.391,3654.8953,63006484.0,,92
United Kingdom,GBR,2011,80.796,3720.3972,63509285.0,,90
United Kingdom,GBR,2012,80.859,3837.708,63960487.0,,91
United Kingdom,GBR,2013,80.923,3971.9548,64389386.0,,90
United Kingdom,GBR,2014,81.153,4102.0044,64865914.0,,93
United Kingdom,GBR,2015,80.919,4202.952,65382107.0,Europe,93
United Kingdom,GBR,2016,81.067,4342.906,65893359.0,,93
United States,USA,2004,77.535,6045.938,292786247.0,,93
United States,USA,2010,78.668,7832.2666,311062786.0,,93
United States,USA,2014,78.879,8824.776,323115378.0,,90
Uruguay,URY,2010,76.691,1448.1516,3318582.0,,86
Uruguay,URY,2014,77.194,1766.8184,3356342.0,,86
Venezuela,VEN,2004,72.752,820.8066,26340843.0,,86
Vietnam,VNM,2004,73.062,142.907,80338978.0,,91
Vietnam,VNM,2010,73.611,252.99875,87455150.0,,92
Zimbabwe,ZWE,2014,58.106,208.36397,14207367.0,,79
